[
  {
    "autor": "michael_adams",
    "timeofcomment": "2025-03-25 21:30:00.000",
    "id": 10,
    "comentario": "Fascinating insights into serverless architecture!",
    "video_id": 17
  },
  {
    "autor": "charlie_brown",
    "timeofcomment": "2024-12-28 15:00:00.000",
    "id": 7,
    "comentario": "Impressive explanation of AI applications!",
    "video_id": 14
  },
  {
    "autor": "susan_white",
    "timeofcomment": "2025-01-31 17:00:00.000",
    "id": 8,
    "comentario": "Insightful content on quantum computing!",
    "video_id": 15
  },
  {
    "autor": "sophia_miller",
    "timeofcomment": "2025-04-28 22:30:00.000",
    "id": 11,
    "comentario": "Edge computing applications explained well!",
    "video_id": 18
  },
  {
    "autor": "david_wilson",
    "timeofcomment": "2025-05-30 18:30:00.000",
    "id": 12,
    "comentario": "Deep learning fundamentals made easy to grasp!",
    "video_id": 19
  },
  {
    "autor": "alice_williams",
    "timeofcomment": "2023-04-10 11:15:00.000",
    "id": 3,
    "comentario": "Excellent explanation of advanced queries!",
    "video_id": 3
  },
  {
    "autor": "john_doe",
    "timeofcomment": "2025-02-28 19:00:00.000",
    "id": 9,
    "comentario": "JavaScript web development made easy to understand!",
    "video_id": 16
  },
  {
    "autor": "olivia_davis",
    "timeofcomment": "2025-07-13 06:10:10.000",
    "id": 13,
    "comentario": "i prefer cassandra tbh",
    "video_id": 20
  },
  {
    "autor": "olivia_davis",
    "timeofcomment": "2025-06-25 20:30:00.000",
    "id": 13,
    "comentario": "Vue.js crash course is fantastic!",
    "video_id": 20
  },
  {
    "autor": "olivia_davis",
    "timeofcomment": "2024-03-02 12:33:21.000",
    "id": 13,
    "comentario": "cassandra db",
    "video_id": 2
  },
  {
    "autor": "bob_johnson",
    "timeofcomment": "2023-03-20 15:30:00.000",
    "id": 2,
    "comentario": "Looking forward to more videos from you!",
    "video_id": 2
  },
  {
    "autor": "jane_smith",
    "timeofcomment": "2023-02-15 09:45:00.000",
    "id": 1,
    "comentario": "Great introduction!",
    "video_id": 1
  }
]