[
  {
    "video_id": 5,
    "timeofcomment": "2023-06-08 22:45:00.000",
    "id": 5,
    "autor": "susan_white",
    "comentario": "Compression made easy to understand, great video!"
  },
  {
    "video_id": 16,
    "timeofcomment": "2025-10-05 17:15:00.000",
    "id": 17,
    "autor": "charlie_brown",
    "comentario": "Interesting insights into data privacy!"
  },
  {
    "video_id": 16,
    "timeofcomment": "2025-09-10 15:45:00.000",
    "id": 16,
    "autor": "alice_williams",
    "comentario": "Excellent explanation of serverless architecture!"
  },
  {
    "video_id": 1,
    "timeofcomment": "2025-12-12 22:30:00.000",
    "id": 19,
    "autor": "john_doe",
    "comentario": "Fantastic crash course on Vue.js!"
  },
  {
    "video_id": 4,
    "timeofcomment": "2023-05-05 19:00:00.000",
    "id": 4,
    "autor": "charlie_brown",
    "comentario": "Interesting insights into data replication!"
  },
  {
    "video_id": 22,
    "timeofcomment": "2025-11-08 20:00:00.000",
    "id": 18,
    "autor": "susan_white",
    "comentario": "Great overview of deep learning fundamentals!"
  },
  {
    "video_id": 22,
    "timeofcomment": "2025-08-15 14:30:00.000",
    "id": 15,
    "autor": "bob_johnson",
    "comentario": "Insightful content on the future of AI!"
  },
  {
    "video_id": 6,
    "timeofcomment": "2026-01-15 14:30:00.000",
    "id": 20,
    "autor": "michael_adams",
    "comentario": "Insightful content on edge computing applications!"
  },
  {
    "video_id": 6,
    "timeofcomment": "2023-07-12 14:15:00.000",
    "id": 6,
    "autor": "jane_smith",
    "comentario": "Backup and restore are often overlooked, thanks for highlighting!"
  },
  {
    "video_id": 21,
    "timeofcomment": "2025-07-20 13:00:00.000",
    "id": 14,
    "autor": "jane_smith",
    "comentario": "Mobile app development explained thoroughly!"
  }
]