[
  {
    "video_id": 10,
    "id": 5,
    "rating": 5
  },
  {
    "video_id": 13,
    "id": 8,
    "rating": 3
  },
  {
    "video_id": 11,
    "id": 6,
    "rating": 4
  },
  {
    "video_id": 8,
    "id": 3,
    "rating": 3
  },
  {
    "video_id": 15,
    "id": 10,
    "rating": 5
  },
  {
    "video_id": 7,
    "id": 2,
    "rating": 5
  },
  {
    "video_id": 6,
    "id": 1,
    "rating": 4
  },
  {
    "video_id": 9,
    "id": 4,
    "rating": 4
  },
  {
    "video_id": 14,
    "id": 9,
    "rating": 4
  },
  {
    "video_id": 12,
    "id": 7,
    "rating": 5
  }
]